feature,gain
f7,3.487017869949341
f5,3.4760828018188477
f0,3.3450002670288086
f3,3.2643940448760986
f1,3.247997522354126
f4,3.2101218700408936
f6,3.200559616088867
f2,3.0162577629089355
