feature,gain
f7,3.889178991317749
f1,3.410486936569214
f4,3.3681325912475586
f5,3.326892137527466
f2,3.2862184047698975
f0,3.222994565963745
f3,3.158506155014038
f6,3.0039312839508057
