feature,gain
f7,3.5630080699920654
f4,3.419868230819702
f3,3.4188899993896484
f2,3.3783609867095947
f6,3.358041524887085
f5,3.286827802658081
f0,3.166689157485962
f1,3.1136157512664795
