asset,xgb_accuracy
SPY,0.5222457627118644
EFA,0.5194209039548022
IEF,0.506002824858757
VNQ,0.495409604519774
GLD,0.4989406779661017
